state,total_stores,cities_count,national_share_pct,note,source,source_date
Maharashtra,809,37,14.4,"Largest state total; driven by Mumbai + Pune",QuickCommerceMap - India Quick Commerce Map 2026,2026-07
Karnataka,724,25,12.9,"Overwhelmingly Bangalore-driven (629 of 724 stores)",QuickCommerceMap - India Quick Commerce Map 2026 / South India Quick Commerce Atlas 2026,2026-07
Uttar Pradesh,668,50,11.9,"Includes NCR fringe (Noida, Ghaziabad) plus genuine expansion into Lucknow, Kanpur, Varanasi, Agra",QuickCommerceMap - India Quick Commerce Map 2026,2026-07
Telangana,450,,8.0,"Hyderabad-dominant (406 of 450 stores)",QuickCommerceMap - India Quick Commerce Map 2026 / South India Quick Commerce Atlas 2026,2026-07
Tamil Nadu,417,,7.4,"More distributed than other southern states: Chennai plus a Coimbatore-Madurai-Trichy corridor",QuickCommerceMap - India Quick Commerce Map 2026 / South India Quick Commerce Atlas 2026,2026-07
Haryana,333,25,5.9,"Driven by Gurgaon's NCR-suburb concentration",QuickCommerceMap - Top 10 Cities by Dark Store Density,2026-07
West Bengal,346,39,6.2,"Late bloomer, now extending footprint into eastern India via Kolkata",QuickCommerceMap - Top 10 Cities by Dark Store Density,2026-07
Gujarat,251,24,4.5,"Ahmedabad-led; broader business-friendly environment cited for regulatory ease on warehousing",QuickCommerceMap - Blinkit vs Zepto: Who Has More Dark Stores in 2026?,2026-07
NCT of Delhi,474,,8.4,"Standalone Delhi total; combined Delhi NCR (Delhi+Gurgaon+Noida+Ghaziabad+Faridabad) totals 939 stores",QuickCommerceMap - India Quick Commerce Map 2026,2026-07
